1,0,16.7,36.8,39.7,6781,0.1,72,3.99,N/A,172.368,N/A,N/A,100.368,41.7710944,
,0.6,16.8,38.1,41,6765,0.11,79,4.09,N/A,176.688,N/A,N/A,97.688,44.711582,
,1.2,16.8,39,42.2,6654,0.14,96,4.41,N/A,190.512,N/A,N/A,94.512,50.39052658,
,1.8,17,40.5,44.4,6625,0.19,129,5.19,N/A,224.208,N/A,N/A,95.208,57.53585956,
,2.4,17.3,41.6,46.4,6513,0.26,189,6.53,N/A,282.096,N/A,N/A,93.096,66.99846861,
,3,17.6,42.6,49.2,6313,0.36,239,7.95,N/A,343.44,N/A,N/A,104.44,69.59003028,
,3.6,17.8,43.1,51.5,6055,0.49,307,9.85,N/A,425.52,N/A,N/A,118.52,72.14702012,
,4.2,17.8,43.5,55.4,5886,0.65,395,12.08,N/A,521.856,N/A,N/A,126.856,75.69137846,
,4.8,18,44.1,61.6,5653,0.83,485,15.11,N/A,652.752,N/A,N/A,167.752,74.30080643,
,5,18.2,44.7,72.6,5490,0.89,508,16.19,N/A,699.408,N/A,N/A,191.408,72.63285521,
,5.2,18.2,45.4,80.2,5401,0.96,545,17.41,N/A,752.112,N/A,N/A,207.112,72.46261195,
,5.4,18.5,46.1,88.2,5317,1.03,577,18.65,N/A,805.68,N/A,N/A,228.68,71.61652269,
2,0,24.9,37.7,67.8,7313,0.11,83,6.52,N/A,281.664,N/A,N/A,198.664,29.46773461,
,0.6,25.3,40.8,80.7,7405,0.11,89,6.44,N/A,278.208,N/A,N/A,189.208,31.99045319,
,1.2,25.2,46.1,94.4,7349,0.15,115,7.33,N/A,316.656,N/A,N/A,201.656,36.31701278,
,1.8,25.1,48.4,104.1,7098,0.2,153,8.56,N/A,369.792,N/A,N/A,216.792,41.37461059,
,2.4,,,,,,,,,,,,,,
,3,,,,,,,,,,,,,,
,3.6,,,,,,,,,,,,,,
,4.2,,,,,,,,,,,,,,
,4.8,,,,,,,,,,,,,,
,5,,,,,,,,,,,,,,
,5.2,,,,,,,,,,,,,,
,5.4,,,,,,,,,,,,,,
3,0,21.6,28.5,35.2,6925,0.1,70,2.87,N/A,123.984,N/A,N/A,53.984,56.45889792,
,0.6,21.5,29.8,37.4,6887,0.11,79,3.1,N/A,133.92,N/A,N/A,54.92,58.99044205,
,1.2,21.7,29.5,37.8,6877,0.14,99,3.54,N/A,152.928,N/A,N/A,53.928,64.73634652,
,1.8,21.7,29.7,38.4,6765,0.19,131,4.37,N/A,188.784,N/A,N/A,57.784,69.39147385,
,2.4,21.7,30.4,39.3,6564,0.26,182,5.58,N/A,241.056,N/A,N/A,59.056,75.50112837,
,3,21.8,30.7,40.3,6460,0.37,246,7.28,N/A,314.496,N/A,N/A,68.496,78.22039072,
,3.6,21.8,31.1,41.9,6200,0.5,325,9.25,N/A,399.6,N/A,N/A,74.6,81.33133133,
,4.2,21.8,31.6,45.4,5942,0.64,395,11.44,N/A,494.208,N/A,N/A,99.208,79.92586118,
,4.8,22,31.9,51.7,5703,0.82,490,14.02,N/A,605.664,N/A,N/A,115.664,80.90294289,
,5,22.2,32.7,61.6,5605,0.86,509,14.85,N/A,641.52,N/A,N/A,132.52,79.34281082,
,5.2,22.2,32.8,67.3,5518,0.93,540,15.9,N/A,686.88,N/A,N/A,146.88,78.6163522,
,5.4,22.2,33.8,74.3,5426,0.99,568,16.89,N/A,729.648,N/A,N/A,161.648,77.84575576,
4,0,22.5,25.1,25.9,6934,0.1,71,2.56,N/A,110.592,N/A,N/A,39.592,64.19994213,
,0.6,22.2,25,26.7,6899,0.1,76,2.64,N/A,114.048,N/A,N/A,38.048,66.63860831,
,1.2,22.6,26.1,28.8,6808,0.13,95,3.11,N/A,134.352,N/A,N/A,39.352,70.7097773,
,1.8,22.1,26.3,29.2,6717,0.18,129,3.96,N/A,171.072,N/A,N/A,42.072,75.40684624,
,2.4,22.3,26.6,29.4,6625,0.26,180,5.25,N/A,226.8,N/A,N/A,46.8,79.36507937,
,3,22.6,27.2,30.1,6440,0.36,241,6.82,N/A,294.624,N/A,N/A,53.624,81.79917454,
,3.6,22.6,27.4,30.5,6260,0.47,306,8.64,N/A,373.248,N/A,N/A,67.248,81.98302469,
,4.2,22.7,27.8,30.9,6092,0.62,387,10.87,N/A,469.584,N/A,N/A,82.584,82.41337013,
,4.8,22.9,28.2,31.8,5703,0.79,471,13.4,N/A,578.88,N/A,N/A,107.88,81.36401327,
,5,22.9,28.7,32.6,5690,0.84,499,14.22,N/A,614.304,N/A,N/A,115.304,81.23014013,
,5.2,23,29.3,33.8,5605,0.9,532,15.22,N/A,657.504,N/A,N/A,125.504,80.91205529,
,5.4,23.2,29.8,35.4,5506,0.97,558,16.3,N/A,704.16,N/A,N/A,146.16,79.24335378,
5,0,22.9,27.8,41.7,7356,0.1,74,6.23,N/A,269.136,N/A,N/A,195.136,27.49539266,
,0.6,23.1,28.9,49.8,7260,0.11,80,6.36,N/A,274.752,N/A,N/A,194.752,29.11716748,
,1.2,23.1,30.6,56.6,7170,0.14,104,6.93,N/A,299.376,N/A,N/A,195.376,34.73892363,
,1.8,23.1,31.7,61.3,7068,0.18,135,7.87,N/A,339.984,N/A,N/A,204.984,39.70775095,
,2.4,23.4,33.6,66.9,6858,0.25,188,9.16,N/A,395.712,N/A,N/A,207.712,47.50929969,
,3,23.4,34.8,75.4,6657,0.35,241,11.11,N/A,479.952,N/A,N/A,238.952,50.21335467,
,3.6,23.6,36.8,88.6,6374,0.47,313,13.59,N/A,587.088,N/A,N/A,274.088,53.31398359,
,4.2,23.6,38.4,105.8,6028,0.62,391,17.13,N/A,740.016,N/A,N/A,349.016,52.83669542,
,4.8,,,,,,,,,,,,,,
,5,,,,,,,,,,,,,,
,5.2,,,,,,,,,,,,,,
,5.4,,,,,,,,,,,,,,
6,0,23.1,27.2,30.2,6843,0.1,72,3.11,N/A,134.352,N/A,N/A,62.352,53.59056806,
,0.6,23.1,27.6,31.7,6864,0.11,75,3.01,N/A,130.032,N/A,N/A,55.032,57.67811,
,1.2,23.2,28.1,32.8,6775,0.13,94,3.51,N/A,151.632,N/A,N/A,57.632,61.99219162,
,1.8,23.3,28.4,33.7,6684,0.17,124,4.23,N/A,182.736,N/A,N/A,58.736,67.85745556,
,2.4,23.4,28.9,34.5,6593,0.25,170,5.38,N/A,232.416,N/A,N/A,62.416,73.14470604,
,3,23.4,29.5,35.4,6412,0.34,229,6.87,N/A,296.784,N/A,N/A,67.784,77.16049383,
,3.6,23.6,29.9,35.8,6237,0.45,296,8.64,N/A,373.248,N/A,N/A,77.248,79.30384088,
,4.2,23.6,30.5,36.8,5985,0.6,377,10.88,N/A,470.016,N/A,N/A,93.016,80.2100354,
,4.8,23.6,30.9,38.1,5753,0.76,460,13.2,N/A,570.24,N/A,N/A,110.24,80.667789,
,5,23.6,31.5,39.2,5675,0.82,485,14.23,N/A,614.736,N/A,N/A,129.736,78.89565602,
,5.2,23.7,31.9,40.5,5594,0.88,517,15.26,N/A,659.232,N/A,N/A,142.232,78.42459104,
,5.4,23.8,32.7,42.5,5442,0.95,551,16.5,N/A,712.8,N/A,N/A,161.8,77.30078563,
7,0,22.7,24,26.7,6811,0.1,73,3.15,N/A,136.08,N/A,N/A,63.08,53.64491476,
,0.6,22.7,24.7,29,6815,0.11,77,3.2,N/A,138.24,N/A,N/A,61.24,55.70023148,
,1.2,22.9,25.4,30.2,6811,0.13,93,3.63,N/A,156.816,N/A,N/A,63.816,59.30517294,
,1.8,23,25.8,31,6708,0.17,121,4.3,N/A,185.76,N/A,N/A,64.76,65.13781223,
,2.4,23.2,26.4,31.6,6610,0.23,163,5.3,N/A,228.96,N/A,N/A,65.96,71.19147449,
,3,23.2,27.3,32.7,6421,0.33,224,6.96,N/A,300.672,N/A,N/A,76.672,74.49978714,
,3.6,23.2,28,33.5,6326,0.44,290,8.69,N/A,375.408,N/A,N/A,85.408,77.24928611,
,4.2,23.2,28.4,34.2,6070,0.58,369,10.85,N/A,468.72,N/A,N/A,99.72,78.7250384,
,4.8,23.2,29.1,35.3,5829,0.77,466,13.78,N/A,595.296,N/A,N/A,129.296,78.28038488,
,5,23.3,29.8,37.3,5744,0.81,481,14.3,N/A,617.76,N/A,N/A,136.76,77.86195286,
,5.2,23.4,30.5,38.8,5653,0.86,510,15.22,N/A,657.504,N/A,N/A,147.504,77.56606804,
,5.4,23.4,31.3,40.7,5565,0.93,553,16.49,N/A,712.368,N/A,N/A,159.368,77.62841677,
8,0,23.1,32.9,39,6833,0.09,65,3.05,N/A,131.76,N/A,N/A,66.76,49.332119,
,0.6,23.1,32.9,41.2,6858,0.1,72,3.17,N/A,136.944,N/A,N/A,64.944,52.57623554,
,1.2,23.2,33.6,41.8,6840,0.13,91,3.57,N/A,154.224,N/A,N/A,63.224,59.00508351,
,1.8,23,34,42.4,6765,0.18,126,4.44,N/A,191.808,N/A,N/A,65.808,65.69069069,
,2.4,23.2,34.2,42.8,6576,0.26,175,5.66,N/A,244.512,N/A,N/A,69.512,71.57112943,
,3,23.5,34.6,43.3,6391,0.35,234,7.18,N/A,310.176,N/A,N/A,76.176,75.44103993,
,3.6,23.3,34.9,43.8,6213,0.47,303,9.04,N/A,390.528,N/A,N/A,87.528,77.58726647,
,4.2,23.7,35.2,44.4,5964,0.6,381,11.1,N/A,479.52,N/A,N/A,98.52,79.45445445,
,4.8,23.7,35.8,45.4,5729,0.77,457,13.5,N/A,583.2,N/A,N/A,126.2,78.36076818,
,5,23.7,36.3,47,5647,0.82,483,14.21,N/A,613.872,N/A,N/A,130.872,78.68089765,
,5.2,23.9,36.8,48.8,5496,0.88,507,15.45,N/A,667.44,N/A,N/A,160.44,75.96188421,
,5.4,24.1,37.3,50.6,5415,0.96,560,17.01,N/A,734.832,N/A,N/A,174.832,76.20789514,
9,0,23.6,33.6,34.1,6877,0.09,66,2.97,N/A,128.304,N/A,N/A,62.304,51.44032922,
,0.6,23.3,34.2,37.6,6843,0.1,73,3.09,N/A,133.488,N/A,N/A,60.488,54.68656359,
,1.2,23.6,34.5,40.1,6811,0.13,95,3.55,N/A,153.36,N/A,N/A,58.36,61.94574857,
,1.8,23.7,34.9,40.9,6723,0.18,128,4.37,N/A,188.784,N/A,N/A,60.784,67.80235613,
,2.4,23.4,35.1,41.2,6628,0.25,169,5.39,N/A,232.848,N/A,N/A,63.848,72.57953687,
,3,23.7,35.3,41.4,6440,0.33,225,6.74,N/A,291.168,N/A,N/A,66.168,77.27497527,
,3.6,23.7,35.6,41.7,6177,0.44,290,8.65,N/A,373.68,N/A,N/A,83.68,77.60650824,
,4.2,23.8,35.8,42.1,6014,0.6,381,10.89,N/A,470.448,N/A,N/A,89.448,80.98663402,
,4.8,23.9,36.2,42.5,5782,0.76,459,13.3,N/A,574.56,N/A,N/A,115.56,79.88721805,
,5,24.1,36.6,43.4,5628,0.8,478,14.01,N/A,605.232,N/A,N/A,127.232,78.97797869,
,5.2,24.3,37.1,44.7,5541,0.86,513,14.89,N/A,643.248,N/A,N/A,130.248,79.75151108,
,5.4,24.3,37.9,46.4,5452,0.93,530,16.02,N/A,692.064,N/A,N/A,162.064,76.5825126,
10,0,23.6,26.9,32.1,6818,0.09,65,3.2,N/A,138.24,N/A,N/A,73.24,47.01967593,
,0.6,23.7,29.2,33.7,6839,0.1,73,3.41,N/A,147.312,N/A,N/A,74.312,49.55468665,
,1.2,23.6,30,35.1,6855,0.13,94,3.88,N/A,167.616,N/A,N/A,73.616,56.0805651,
,1.8,23.7,30.6,36.1,6762,0.18,127,4.62,N/A,199.584,N/A,N/A,72.584,63.6323553,
,2.4,23.9,31.1,36.9,6573,0.25,175,5.81,N/A,250.992,N/A,N/A,75.992,69.7233378,
,3,23.9,31.7,38.7,6399,0.34,232,7.32,N/A,316.224,N/A,N/A,84.224,73.36571544,
,3.6,23.9,32.4,41.9,6224,0.47,300,9.09,N/A,392.688,N/A,N/A,92.688,76.39652854,
,4.2,24.2,33,45.2,5976,0.61,381,11.2,N/A,483.84,N/A,N/A,102.84,78.74503968,
,4.8,24.2,33.5,51.2,5740,0.76,456,13.5,N/A,583.2,N/A,N/A,127.2,78.18930041,
,5,24.3,34.2,59.9,5658,0.82,489,14.4,N/A,622.08,N/A,N/A,133.08,78.60725309,
,5.2,24.5,34.9,65.7,5576,0.87,519,15.19,N/A,656.208,N/A,N/A,137.208,79.0907761,
,5.4,24.6,35.4,72.7,5509,0.93,541,15.99,N/A,690.768,N/A,N/A,149.768,78.31862507,
11,0,24.1,37.2,39.6,6922,0.1,73,3.41,N/A,147.312,N/A,N/A,74.312,49.55468665,
,0.6,24.1,37.2,40.2,6934,0.11,77,3.15,N/A,136.08,N/A,N/A,59.08,56.58436214,
,1.2,24,37.2,40.8,6843,0.13,93,3.48,N/A,150.336,N/A,N/A,57.336,61.8614304,
,1.8,24,37.5,41.2,6755,0.18,125,4.14,N/A,178.848,N/A,N/A,53.848,69.89175166,
,2.4,24.2,37.8,41.2,6558,0.24,164,5.27,N/A,227.664,N/A,N/A,63.664,72.03598285,
,3,24.3,38,42.8,6476,0.33,224,6.71,N/A,289.872,N/A,N/A,65.872,77.27548711,
,3.6,24.3,38.2,44.4,6382,0.43,289,8.32,N/A,359.424,N/A,N/A,70.424,80.40642806,
,4.2,24.3,38.4,45,6119,0.56,366,10.61,N/A,458.352,N/A,N/A,92.352,79.85129333,
,4.8,24.6,38.6,46.2,5877,0.74,453,13.09,N/A,565.488,N/A,N/A,112.488,80.1078007,
,5,24.8,38.8,47.5,5718,0.79,473,14.02,N/A,605.664,N/A,N/A,132.664,78.09610609,
,5.2,24.9,39.3,50.2,5636,0.86,511,15.25,N/A,658.8,N/A,N/A,147.8,77.56527019,
,5.4,24.9,39.6,52.2,5551,0.93,542,16.08,N/A,694.656,N/A,N/A,152.656,78.0242307,
12,0,23.2,24.4,26.4,6619,0.1,75,3.91,N/A,168.912,N/A,N/A,93.912,44.4018187,
,0.6,23.5,25.4,32.1,6699,0.11,76,3.69,N/A,159.408,N/A,N/A,83.408,47.67640269,
,1.2,23.7,26.2,34.2,6690,0.13,91,4.03,N/A,174.096,N/A,N/A,83.096,52.27001195,
,1.8,23.7,26.9,36.2,6681,0.18,124,4.63,N/A,200.016,N/A,N/A,76.016,61.9950404,
,2.4,23.7,27.7,37.2,6573,0.24,166,5.76,N/A,248.832,N/A,N/A,82.832,66.71167695,
,3,23.8,28.2,38.4,6380,0.34,225,7.36,N/A,317.952,N/A,N/A,92.952,70.76539855,
,3.6,23.8,29.1,40.4,6195,0.46,295,9.21,N/A,397.872,N/A,N/A,102.872,74.14444847,
,4.2,23.7,30,43,5965,0.6,375,11.47,N/A,495.504,N/A,N/A,120.504,75.68051923,
,4.8,23.7,30.6,46.2,5694,0.78,468,13.98,N/A,603.936,N/A,N/A,135.936,77.49165474,
,5,23.6,31.6,50.8,5605,0.86,495,15.23,N/A,657.936,N/A,N/A,162.936,75.23528124,
,5.2,23.8,32.3,54.7,5485,0.91,527,15.94,N/A,688.608,N/A,N/A,161.608,76.53120498,
,5.4,23.7,33.3,59.5,5424,0.97,557,17.08,N/A,737.856,N/A,N/A,180.856,75.4889843,
13,0,23.7,27.8,31.6,6790,0.1,73,3.19,N/A,137.808,N/A,N/A,64.808,52.97225125,
,0.6,23.6,28.2,32.6,6802,0.1,74,3.2,N/A,138.24,N/A,N/A,64.24,53.53009259,
,1.2,23.4,28.6,33.3,6805,0.13,92,3.56,N/A,153.792,N/A,N/A,61.792,59.82105701,
,1.8,23.6,29.1,34.4,6705,0.17,122,4.35,N/A,187.92,N/A,N/A,65.92,64.92124308,
,2.4,23.7,29.5,35.6,6613,0.24,169,5.42,N/A,234.144,N/A,N/A,65.144,72.17780511,
,3,23.8,29.9,37.7,6429,0.34,223,6.94,N/A,299.808,N/A,N/A,76.808,74.38093713,
,3.6,23.8,30.5,39.7,6250,0.45,297,8.84,N/A,381.888,N/A,N/A,84.888,77.77149321,
,4.2,23.8,31.1,43.5,6077,0.6,374,10.95,N/A,473.04,N/A,N/A,99.04,79.06308135,
,4.8,24.1,31.7,49.3,5762,0.77,465,13.6,N/A,587.52,N/A,N/A,122.52,79.14624183,
,5,24.1,32.5,59.7,5749,0.84,492,14.77,N/A,638.064,N/A,N/A,146.064,77.10825246,
,5.2,24.2,33.3,67.9,5522,0.9,520,15.89,N/A,686.448,N/A,N/A,166.448,75.7522784,
,5.4,24.2,34.1,77.1,5504,0.97,558,16.88,N/A,729.216,N/A,N/A,171.216,76.52053712,
14,0,23.6,35.6,38.7,6750,0.09,64,3.87,N/A,167.184,N/A,N/A,103.184,38.28117523,
,0.6,23.7,36.3,40.1,6762,0.1,72,4,N/A,172.8,N/A,N/A,100.8,41.66666667,
,1.2,23.8,36.8,41,6772,0.13,93,4.37,N/A,188.784,N/A,N/A,95.784,49.26264938,
,1.8,36.8,23.8,37.4,6666,0.18,125,5.09,N/A,219.888,N/A,N/A,94.888,56.84712217,
,2.4,23.7,37.5,43,6596,0.25,178,6.18,N/A,266.976,N/A,N/A,88.976,66.67265971,
,3,23.9,38.2,45.6,6412,0.35,234,7.54,N/A,325.728,N/A,N/A,91.728,71.83908046,
,3.6,24.1,38.9,46.9,6234,0.46,300,9.41,N/A,406.512,N/A,N/A,106.512,73.79855945,
,4.2,24.1,39.4,48.1,6065,0.6,381,11.58,N/A,500.256,N/A,N/A,119.256,76.16100557,
,4.8,24.2,39.7,51.2,5749,0.77,470,13.99,N/A,604.368,N/A,N/A,134.368,77.7671882,
,5,24.3,40.5,55.1,5668,0.83,497,15.01,N/A,648.432,N/A,N/A,151.432,76.64643324,
,5.2,24.3,40.9,59.3,5518,0.9,523,16.08,N/A,694.656,N/A,N/A,171.656,75.28906394,
,5.4,24.5,41.4,62.9,5506,0.96,547,17.3,N/A,747.36,N/A,N/A,200.36,73.19096553,
15,0,24.3,36.9,46.7,6850,0.1,72,3.36,N/A,145.152,N/A,N/A,73.152,49.6031746,
,0.6,24,39.6,47.9,6922,0.1,75,3.42,N/A,147.744,N/A,N/A,72.744,50.76348278,
,1.2,23.9,39.8,48.4,6824,0.13,93,3.8,N/A,164.16,N/A,N/A,71.16,56.65204678,
,1.8,23.9,39.9,48.7,6729,0.18,126,4.55,N/A,196.56,N/A,N/A,70.56,64.1025641,
,2.4,24,40.2,48.7,6535,0.25,174,5.73,N/A,247.536,N/A,N/A,73.536,70.29280589,
,3,24.2,40.4,48.8,6443,0.34,232,7.3,N/A,315.36,N/A,N/A,83.36,73.5667174,
,3.6,24.2,40.5,49.1,6263,0.46,297,9.04,N/A,390.528,N/A,N/A,93.528,76.05088496,
,4.2,24.3,40.7,49.5,6009,0.6,375,11.22,N/A,484.704,N/A,N/A,109.704,77.36680531,
,4.8,24.2,41,50.7,5701,0.76,462,13.59,N/A,587.088,N/A,N/A,125.088,78.69348377,
,5,24.2,41.3,52.3,5656,0.83,492,14.76,N/A,637.632,N/A,N/A,145.632,77.16049383,
,5.2,24.6,41.7,54.4,5539,0.89,525,16.01,N/A,691.632,N/A,N/A,166.632,75.90741897,
,5.4,24.5,42.1,56.3,5460,0.98,562,17.01,N/A,734.832,N/A,N/A,172.832,76.48006619,
16,0,22.1,39.9,51.1,6821,0.1,73,4.72,N/A,203.904,N/A,N/A,130.904,35.80116133,
,0.6,22.2,40.1,53.6,6805,0.11,77,4.62,N/A,199.584,N/A,N/A,122.584,38.58024691,
,1.2,22.3,40.6,55.1,6696,0.13,92,4.95,N/A,213.84,N/A,N/A,121.84,43.0228208,
,1.8,22.5,40.9,56.3,6681,0.18,123,5.57,N/A,240.624,N/A,N/A,117.624,51.11709555,
,2.4,22.4,41.9,57.2,6573,0.24,165,6.57,N/A,283.824,N/A,N/A,118.824,58.13461864,
,3,22.4,41.9,57.9,6380,0.33,223,7.89,N/A,340.848,N/A,N/A,117.848,65.4250575,
,3.6,22.6,42.7,58.8,6198,0.45,295,9.79,N/A,422.928,N/A,N/A,127.928,69.75182537,
,4.2,22.6,43,59.4,6102,0.59,377,12.05,N/A,520.56,N/A,N/A,143.56,72.42200707,
,4.8,22.5,43.3,60.6,5789,0.78,475,14.9,N/A,643.68,N/A,N/A,168.68,73.79443202,
,5,22.5,44.4,61.9,5686,0.85,506,16.05,N/A,693.36,N/A,N/A,187.36,72.97796239,
,5.2,22.9,45,63.8,5599,0.92,540,17.06,N/A,736.992,N/A,N/A,196.992,73.27080891,
,5.4,23.1,45.9,65.7,5444,0.99,566,18.25,N/A,788.4,N/A,N/A,222.4,71.79096905,
17,0,23.4,44.6,50.5,6741,0.1,72,4.33,N/A,187.056,N/A,N/A,115.056,38.49114704,
,0.6,23.3,43.6,53.9,6750,0.11,78,4.28,N/A,184.896,N/A,N/A,106.896,42.18587747,
,1.2,23.2,43.6,55.8,6753,0.13,95,4.42,N/A,190.944,N/A,N/A,95.944,49.75280711,
,1.8,23.5,43.9,57.1,6657,0.18,122,5.02,N/A,216.864,N/A,N/A,94.864,56.25645566,
,2.4,23.6,44.1,57.8,6564,0.24,165,6.09,N/A,263.088,N/A,N/A,98.088,62.71665754,
,3,23.4,44.3,58.3,6380,0.33,224,7.47,N/A,322.704,N/A,N/A,98.704,69.41345629,
,3.6,23.4,44.5,58.4,6289,0.45,296,9.3,N/A,401.76,N/A,N/A,105.76,73.67582636,
,4.2,23.6,44.9,59.1,5952,0.6,381,11.5,N/A,496.8,N/A,N/A,115.8,76.69082126,
,4.8,23.8,45.3,60.2,5714,0.77,459,13.89,N/A,600.048,N/A,N/A,141.048,76.49388049,
,5,23.8,45.6,61.1,5705,0.83,495,14.99,N/A,647.568,N/A,N/A,152.568,76.43984879,
,5.2,23.8,45.8,63.2,5620,0.9,524,16.08,N/A,694.656,N/A,N/A,170.656,75.43302008,
,5.4,24,46.1,66.1,5464,0.98,551,17.46,N/A,754.272,N/A,N/A,203.272,73.05057062,
18,0,23.6,38.4,40.9,6768,0.1,68,4.52,N/A,195.264,N/A,N/A,127.264,34.82464766,
,0.6,23.6,37.6,46.4,6784,0.11,76,4.27,N/A,184.464,N/A,N/A,108.464,41.20045104,
,1.2,23.5,37.2,48.5,6793,0.13,93,4.6,N/A,198.72,N/A,N/A,105.72,46.79951691,
,1.8,23.5,37.9,50.4,6605,0.17,123,5.27,N/A,227.664,N/A,N/A,104.664,54.02698714,
,2.4,23.7,38.3,51.2,6516,0.24,164,6.41,N/A,276.912,N/A,N/A,112.912,59.22459121,
,3,23.7,38.8,52.2,6423,0.34,230,7.81,N/A,337.392,N/A,N/A,107.392,68.16996254,
,3.6,24.1,39.6,53.1,6247,0.45,293,9.48,N/A,409.536,N/A,N/A,116.536,71.54438193,
,4.2,23.9,39.8,53.9,5995,0.58,366,11.65,N/A,503.28,N/A,N/A,137.28,72.72293753,
,4.8,23.9,40.7,54.9,5690,0.77,462,14.29,N/A,617.328,N/A,N/A,155.328,74.83865951,
,5,23.9,41.4,57.1,5607,0.83,490,15,N/A,648,N/A,N/A,158,75.61728395,
,5.2,24.1,42.2,60.4,5544,0.89,513,16.3,N/A,704.16,N/A,N/A,191.16,72.85276074,
,5.4,24.1,42.8,62.4,5442,0.96,552,17.3,N/A,747.36,N/A,N/A,195.36,73.85998715,
19,0,23.6,45.3,54.2,6853,0.1,69,3.19,N/A,137.808,N/A,N/A,68.808,50.06966214,
,0.6,24,44.7,54.9,6821,0.1,76,3.3,N/A,142.56,N/A,N/A,66.56,53.31088664,
,1.2,23.6,44.7,55.2,6827,0.13,93,3.73,N/A,161.136,N/A,N/A,68.136,57.71522192,
,1.8,23.6,44.3,55.6,6729,0.18,124,4.47,N/A,193.104,N/A,N/A,69.104,64.21410225,
,2.4,23.6,44.3,55.8,6575,0.24,169,5.53,N/A,238.896,N/A,N/A,69.896,70.74208024,
,3,23.6,44.1,56,6393,0.32,214,6.89,N/A,297.648,N/A,N/A,83.648,71.89700586,
,3.6,23.6,44.1,56.2,6265,0.45,293,8.78,N/A,379.296,N/A,N/A,86.296,77.24837594,
,4.2,23.9,44.3,56.3,6095,0.59,371,11.1,N/A,479.52,N/A,N/A,108.52,77.3690357,
,4.8,23.9,44,56.6,5778,0.76,459,13.52,N/A,584.064,N/A,N/A,125.064,78.58727811,
,5,23.9,44.4,58.2,5617,0.83,495,14.68,N/A,634.176,N/A,N/A,139.176,78.05404178,
,5.2,23.9,44.7,59.3,5539,0.9,521,15.99,N/A,690.768,N/A,N/A,169.768,75.42329697,
,5.4,23.9,44.9,60.4,5458,0.97,555,16.8,N/A,725.76,N/A,N/A,170.76,76.47156085,
20,0,24.4,37.8,46.9,6800,0.1,74,3.94,N/A,170.208,N/A,N/A,96.208,43.47621733,
,0.6,24.2,37.7,50,6833,0.11,78,4.14,N/A,178.848,N/A,N/A,100.848,43.61245303,
,1.2,24.1,37.9,52.1,6720,0.13,94,4.35,N/A,187.92,N/A,N/A,93.92,50.02128565,
,1.8,23.9,38.3,53.6,6708,0.18,124,4.94,N/A,213.408,N/A,N/A,89.408,58.10466337,
,2.4,24,38.4,54.2,6602,0.24,162,6.03,N/A,260.496,N/A,N/A,98.496,62.18905473,
,3,24,38.9,55.2,6407,0.33,219,7.42,N/A,320.544,N/A,N/A,101.544,68.3213537,
,3.6,24.4,39.3,56.1,6221,0.45,300,9.35,N/A,403.92,N/A,N/A,103.92,74.2721331,
,4.2,24.4,39.9,56.8,6050,0.6,372,11.59,N/A,500.688,N/A,N/A,128.688,74.29776627,
,4.8,24.2,40.4,58.1,5731,0.76,457,13.99,N/A,604.368,N/A,N/A,147.368,75.61618087,
,5,24.2,40.8,59.4,5582,0.86,501,15.44,N/A,667.008,N/A,N/A,166.008,75.11154289,
,5.2,24.3,41.4,60.8,5502,0.91,535,16.32,N/A,705.024,N/A,N/A,170.024,75.88394154,
,5.4,24.3,42.1,62.8,5421,0.97,562,17.3,N/A,747.36,N/A,N/A,185.36,75.1980304,
21,0,24.4,28.8,32.1,6818,0.1,67,3.54,N/A,152.928,N/A,N/A,85.928,43.81146683,
,0.6,24.8,29.2,34.6,6726,0.1,74,3.66,N/A,158.112,N/A,N/A,84.112,46.80226675,
,1.2,24.4,29.6,36.4,6735,0.13,91,3.93,N/A,169.776,N/A,N/A,78.776,53.6000377,
,1.8,24.7,30.1,37.7,6648,0.17,121,4.77,N/A,206.064,N/A,N/A,85.064,58.71962109,
,2.4,24.4,30.7,38.9,6558,0.24,167,5.95,N/A,257.04,N/A,N/A,90.04,64.97043262,
,3,24.4,31.5,40.4,6377,0.33,223,7.32,N/A,316.224,N/A,N/A,93.224,70.51963165,
,3.6,24.8,31.9,41,6206,0.46,298,9.18,N/A,396.576,N/A,N/A,98.576,75.14322601,
,4.2,24.8,32.5,41.9,5969,0.6,378,11.45,N/A,494.64,N/A,N/A,116.64,76.41921397,
,4.8,24.7,33.3,43.5,5658,0.78,464,14.15,N/A,611.28,N/A,N/A,147.28,75.90629499,
,5,24.9,34.2,45.3,5578,0.84,499,15.1,N/A,652.32,N/A,N/A,153.32,76.49619818,
,5.2,24.9,35.1,47.4,5498,0.91,525,15.95,N/A,689.04,N/A,N/A,164.04,76.19296412,
,5.4,24.9,36.1,49.7,5415,0.97,545,16.96,N/A,732.672,N/A,N/A,187.672,74.3852638,
22,0,25.1,39.8,53.1,6858,0.09,68,4.12,N/A,177.984,N/A,N/A,109.984,38.20568141,
,0.6,24.8,45.3,55.4,6756,0.11,74,4.21,N/A,181.872,N/A,N/A,107.872,40.68795636,
,1.2,24.8,46.1,56.8,6756,0.14,96,4.73,N/A,204.336,N/A,N/A,108.336,46.98144233,
,1.8,24.8,46.5,57.7,6663,0.18,126,5.45,N/A,235.44,N/A,N/A,109.44,53.51681957,
,2.4,24.8,26.5,58.3,6567,0.25,174,6.56,N/A,283.392,N/A,N/A,109.392,61.39905149,
,3,25.1,46.8,58.7,6380,0.34,229,8.07,N/A,348.624,N/A,N/A,119.624,65.68681445,
,3.6,25.1,47.2,59.6,6203,0.46,298,9.84,N/A,425.088,N/A,N/A,127.088,70.10313159,
,4.2,25,47.6,60.4,6033,0.59,379,11.85,N/A,511.92,N/A,N/A,132.92,74.03500547,
,4.8,25,48.1,61.8,5716,0.76,457,14.5,N/A,626.4,N/A,N/A,169.4,72.95657727,
,5,25.3,48.4,63.1,5636,0.82,482,15.63,N/A,675.216,N/A,N/A,193.216,71.38456435,
,5.2,25.3,49,64.9,5555,0.88,513,16.64,N/A,718.848,N/A,N/A,205.848,71.36418269,
,5.4,25.1,49.6,66.9,5473,0.96,556,17.89,N/A,772.848,N/A,N/A,216.848,71.94170134,
23,0,14.7,19.2,21.2,6744,0.11,74,3.72,N/A,160.704,N/A,N/A,86.704,46.04739148,
,0.6,14.7,20.6,23.5,6726,0.11,79,3.78,N/A,163.296,N/A,N/A,84.296,48.37840486,
,1.2,14.7,21.9,25.6,6705,0.14,97,4.19,N/A,181.008,N/A,N/A,84.008,53.58879166,
,1.8,14.6,23.1,27.5,6599,0.19,135,5.07,N/A,219.024,N/A,N/A,84.024,61.63708087,
,2.4,14.8,24.4,29.6,6497,0.27,184,6.25,N/A,270,N/A,N/A,86,68.14814815,
,3,14.5,25.6,31.5,6305,0.38,246,8.04,N/A,347.328,N/A,N/A,101.328,70.82642344,
,3.6,14.4,26.4,33.9,6119,0.51,324,9.96,N/A,430.272,N/A,N/A,106.272,75.30120482,
,4.2,14.6,27.5,37.6,5945,0.65,401,12.29,N/A,530.928,N/A,N/A,129.928,75.52813187,
,4.8,14.8,28.8,44.6,5626,0.84,493,15.23,N/A,657.936,N/A,N/A,164.936,74.93130031,
,5,14.4,30.3,53.2,5520,0.92,528,16.4,N/A,708.48,N/A,N/A,180.48,74.52574526,
,5.2,14.3,31.6,60,5426,0.97,552,17.3,N/A,747.36,N/A,N/A,195.36,73.85998715,
,5.4,,,,,,,,,,,,,,
24,0,,,,,,,,,,,,,,
,0.6,,,,,,,,,,,,,,
,1.2,,,,,,,,,,,,,,
,1.8,,,,,,,,,,,,,,
,2.4,,,,,,,,,,,,,,
,3,,,,,,,,,,,,,,
,3.6,,,,,,,,,,,,,,
,4.2,,,,,,,,,,,,,,
,4.8,,,,,,,,,,,,,,
,5,,,,,,,,,,,,,,
,5.2,,,,,,,,,,,,,,
,5.4,,,,,,,,,,,,,,
25,0,17.1,27.3,30.3,6800,0.11,75,3.48,N/A,150.336,N/A,N/A,75.336,49.88825032,
,0.6,17.1,27.9,33.9,6733,0.11,80,3.54,N/A,152.928,N/A,N/A,72.928,52.3121992,
,1.2,17.1,28.7,35.8,6708,0.14,99,4,N/A,172.8,N/A,N/A,73.8,57.29166667,
,1.8,17.2,30.6,38.8,6666,0.2,142,5,N/A,216,N/A,N/A,74,65.74074074,
,2.4,17.1,32.2,41.9,6550,0.28,187,6.4,N/A,276.48,N/A,N/A,89.48,67.63599537,
,3,17.1,33.5,44.3,6334,0.38,257,8.04,N/A,347.328,N/A,N/A,90.328,73.99345863,
,3.6,17.1,34.8,47.3,6142,0.51,334,10.05,N/A,434.16,N/A,N/A,100.16,76.93016399,
,4.2,17.1,35.6,51.4,5950,0.66,417,12.33,N/A,532.656,N/A,N/A,115.656,78.28692439,
,4.8,17.1,36.8,60.2,5700,0.84,515,14.99,N/A,647.568,N/A,N/A,132.568,79.52832753,
,5,17.1,38.6,73.3,5300,0.91,513,15.4,N/A,665.28,N/A,N/A,152.28,77.11038961,
,5.2,,,,,,,,,,,,,,
,5.4,,,,,,,,,,,,,,
26,0,17,37.8,42.1,6827,0.1,72,3.65,N/A,157.68,N/A,N/A,85.68,45.66210046,
,0.6,17,38.1,434,6743,0.11,81,3.73,N/A,161.136,N/A,N/A,80.136,50.26809651,
,1.2,17,38.5,45.1,6700,0.14,103,4.05,N/A,174.96,N/A,N/A,71.96,58.87059899,
,1.8,16.9,38.7,64.3,6657,0.2,141,4.68,N/A,202.176,N/A,N/A,61.176,69.74121557,
,2.4,16.9,38.7,47.7,6600,0.27,184,5.8,N/A,250.56,N/A,N/A,66.56,73.43550447,
,3,16.9,38.8,49.3,6375,0.37,251,7.51,N/A,324.432,N/A,N/A,73.432,77.36598116,
,3.6,17,39,51.9,6273,0.5,323,9.5,N/A,410.4,N/A,N/A,87.4,78.7037037,
,4.2,17,39.2,56.1,6012,0.64,402,11.73,N/A,506.736,N/A,N/A,104.736,79.33124941,
,4.8,17,39.6,61.5,5764,0.81,490,14.25,N/A,615.6,N/A,N/A,125.6,79.597141,
,5,17,40.2,71.8,5662,0.86,519,15.3,N/A,660.96,N/A,N/A,141.96,78.5221496,
,5.2,,,,,,,,,,,,,,
,5.4,,,,,,,,,,,,,,
27,0,17.1,35,40.6,6856,0.11,77,3.7,N/A,159.84,N/A,N/A,82.84,48.17317317,
,0.6,17.1,35.6,42.2,6784,0.11,80,3.75,N/A,162,N/A,N/A,82,49.38271605,
,1.2,16.9,36,44,6750,0.14,98,4.12,N/A,177.984,N/A,N/A,79.984,55.06112909,
,1.8,16.9,36.6,45.1,6717,0.19,131,4.8,N/A,207.36,N/A,N/A,76.36,63.17515432,
,2.4,16.9,37,46.2,6530,0.27,184,6.1,N/A,263.52,N/A,N/A,79.52,69.82392228,
,3,17,37.5,47.8,6400,0.36,240,7.9,N/A,341.28,N/A,N/A,101.28,70.32348805,
,3.6,17.2,38.3,51.8,6172,0.5,324,9.92,N/A,428.544,N/A,N/A,104.544,75.60483871,
,4.2,17,39.2,55.8,5995,0.65,402,12.05,N/A,520.56,N/A,N/A,118.56,77.22452743,
,4.8,17,39.7,61.8,5751,0.82,490,14.75,N/A,637.2,N/A,N/A,147.2,76.89893283,
,5,17,40.7,72.8,5252,0.91,502,15.45,N/A,667.44,N/A,N/A,165.44,75.21275321,
,5.2,,,,,,,,,,,,,,
,5.4,,,,,,,,,,,,,,
28,0,17.8,20,21.9,6808,0.11,74,3.6,N/A,155.52,N/A,N/A,81.52,47.58230453,
,0.6,18.5,21.1,23.9,6796,0.11,81,3.62,N/A,156.384,N/A,N/A,75.384,51.79558011,
,1.2,18.6,22.1,25.3,6693,0.13,95,3.86,N/A,166.752,N/A,N/A,71.752,56.97083093,
,1.8,18,22.7,26.5,6650,0.17,122,4.57,N/A,197.424,N/A,N/A,75.424,61.7959316,
,2.4,18.6,23.8,28.5,6550,0.25,173,5.76,N/A,248.832,N/A,N/A,75.832,69.52481996,
,3,19.1,24.8,30.7,6299,0.35,235,7.38,N/A,318.816,N/A,N/A,83.816,73.71022784,
,3.6,18.4,25.7,33.1,6122,0.49,310,9.63,N/A,416.016,N/A,N/A,106.016,74.51636476,
,4.2,18.8,26.9,37.9,5900,0.65,402,11.85,N/A,511.92,N/A,N/A,109.92,78.52789498,
,4.8,19.4,28.4,46.8,5550,0.85,495,15,N/A,648,N/A,N/A,153,76.38888889,
,5,20.1,29.9,57.5,5444,0.89,506,15.4,N/A,665.28,N/A,N/A,159.28,76.05820106,
,5.2,,,,,,,,,,,,,,
,5.4,,,,,,,,,,,,,,
29,0,18.2,22.5,26.3,6723,0.09,66,3.67,N/A,158.544,N/A,N/A,92.544,41.62882228,
,0.6,18.2,23.8,28.7,6750,0.11,76,3.82,N/A,165.024,N/A,N/A,89.024,46.05390731,
,1.2,18.2,25.1,30.6,6675,0.13,96,4.31,N/A,186.192,N/A,N/A,90.192,51.55968033,
,1.8,18.1,26.4,32.3,6501,0.19,132,5.23,N/A,225.936,N/A,N/A,93.936,58.42362439,
,2.4,18.1,27.7,34.5,6421,0.27,183,6.42,N/A,277.344,N/A,N/A,94.344,65.98303911,
,3,18.1,29,36.8,6255,0.37,247,7.92,N/A,342.144,N/A,N/A,95.144,72.19182566,
,3.6,17.9,29.8,39.2,6092,0.49,314,9.82,N/A,424.224,N/A,N/A,110.224,74.01750019,
,4.2,17.8,30.7,42.2,5854,0.63,392,12.01,N/A,518.832,N/A,N/A,126.832,75.55432202,
,4.8,17.8,31.9,47.3,5630,0.79,473,14.51,N/A,626.832,N/A,N/A,153.832,75.45881512,
,5,17.8,33.2,54.8,5541,0.87,506,15.59,N/A,673.488,N/A,N/A,167.488,75.13125698,
,5.2,17.8,34.7,61.6,5452,0.93,538,16.68,N/A,720.576,N/A,N/A,182.576,74.66249223,
,5.4,17.8,35.8,67.8,5364,0.98,551,17.61,N/A,760.752,N/A,N/A,209.752,72.42833407,
30,0,18.4,19.9,22.1,6830,0.09,67,3.17,N/A,136.944,N/A,N/A,69.944,48.92510807,
,0.6,18.5,22.7,26.9,6830,0.1,74,3.39,N/A,146.448,N/A,N/A,72.448,50.52988091,
,1.2,18.5,23.4,28.1,6747,0.14,100,3.97,N/A,171.504,N/A,N/A,71.504,58.30767796,
,1.8,18.5,24.5,29.2,6576,0.2,135,4.84,N/A,209.088,N/A,N/A,74.088,64.5661157,
,2.4,18.4,27.3,33.2,6507,0.28,190,6.2,N/A,267.84,N/A,N/A,77.84,70.93787336,
,3,18.4,29.5,36.7,6326,0.38,251,7.82,N/A,337.824,N/A,N/A,86.824,74.29904329,
,3.6,18.4,30.1,38.2,6147,0.51,322,9.78,N/A,422.496,N/A,N/A,100.496,76.2137393,
,4.2,18.4,31,40.5,5900,0.66,411,12.15,N/A,524.88,N/A,N/A,113.88,78.30361225,
,4.8,18.4,31.7,44.6,5740,0.83,492,14.81,N/A,639.792,N/A,N/A,147.792,76.8999925,
,5,18.4,32.7,50.2,5516,0.89,520,15.76,N/A,680.832,N/A,N/A,160.832,76.37713856,
,5.2,18.4,33.8,57.4,5490,0.96,541,16.82,N/A,726.624,N/A,N/A,185.624,74.45391289,
,5.4,18.4,34.7,62.4,5338,1.02,575,17.9,N/A,773.28,N/A,N/A,198.28,74.35857645,
31,0,17,26.3,30.4,6800,0.11,77,3.55,N/A,153.36,N/A,N/A,76.36,50.20865936,
,0.6,17.1,26.9,31.7,6750,0.11,80,3.55,N/A,153.36,N/A,N/A,73.36,52.1648409,
,1.2,16.9,27.5,33.1,6726,0.13,94,3.8,N/A,164.16,N/A,N/A,70.16,57.26120858,
,1.8,17.4,28.1,34.5,6613,0.18,124,4.49,N/A,193.968,N/A,N/A,69.968,63.92807061,
,2.4,17.5,28.7,35.8,6550,0.24,169,5.8,N/A,250.56,N/A,N/A,81.56,67.44891443,
,3,17.9,29.4,37.8,6399,0.34,228,7.2,N/A,311.04,N/A,N/A,83.04,73.30246914,
,3.6,17.9,29.9,40,6150,0.48,308,9.4,N/A,406.08,N/A,N/A,98.08,75.84712372,
,4.2,18.2,31.1,47.7,5942,0.64,400,11.8,N/A,509.76,N/A,N/A,109.76,78.46829881,
,4.8,18.5,31.8,56.3,5600,0.84,490,15,N/A,648,N/A,N/A,158,75.61728395,
,5,19,32.7,66.5,5460,0.9,515,15.8,N/A,682.56,N/A,N/A,167.56,75.45124238,
,5.2,,,,,,,,,,,,,,
,5.4,,,,,,,,,,,,,,
32,0,,,,,,,,,,,,,,
,0.6,,,,,,,,,,,,,,
,1.2,,,,,,,,,,,,,,
,1.8,,,,,,,,,,,,,,
,2.4,,,,,,,,,,,,,,
,3,,,,,,,,,,,,,,
,3.6,,,,,,,,,,,,,,
,4.2,,,,,,,,,,,,,,
,4.8,,,,,,,,,,,,,,
,5,,,,,,,,,,,,,,
,5.2,,,,,,,,,,,,,,
,5.4,,,,,,,,,,,,,,
33,0,18.8,23.3,30.2,6600,0.11,77,4.55,N/A,196.56,N/A,N/A,119.56,39.17378917,
,0.6,18.8,27.5,36.3,6670,0.11,79,4.37,N/A,188.784,N/A,N/A,109.784,41.84676668,
,1.2,19.7,32.2,38.8,6675,0.13,93,4.64,N/A,200.448,N/A,N/A,107.448,46.3960728,
,1.8,19.9,33.8,41.2,6558,0.18,128,5.4,N/A,233.28,N/A,N/A,105.28,54.8696845,
,2.4,20.4,35,43.8,6450,0.26,176,6.53,N/A,282.096,N/A,N/A,106.096,62.39010833,
,3,20.6,36,45.9,6300,0.36,242,8.28,N/A,357.696,N/A,N/A,115.696,67.6552156,
,3.6,20.2,37.1,50.2,6085,0.5,319,10.33,N/A,446.256,N/A,N/A,127.256,71.48363271,
,4.2,20.6,38.3,57.1,5830,0.65,399,12.5,N/A,540,N/A,N/A,141,73.88888889,
,4.8,21,39.6,67.4,5516,0.81,471,14.9,N/A,643.68,N/A,N/A,172.68,73.17300522,
,5,,,,,,,,,,,,,,
,5.2,,,,,,,,,,,,,,
,5.4,,,,,,,,,,,,,,
34,0,18.6,20.4,24.4,6799,0.09,64,3.08,N/A,133.056,N/A,N/A,69.056,48.1000481,
,0.6,18.6,22.1,27.6,6762,0.11,76,3.33,N/A,143.856,N/A,N/A,67.856,52.83060839,
,1.2,18.6,22.9,29.3,6690,0.13,90,3.66,N/A,158.112,N/A,N/A,68.112,56.92167577,
,1.8,18.6,23.9,31.1,6619,0.2,134,4.77,N/A,206.064,N/A,N/A,72.064,65.02834071,
,2.4,18.4,25,33.2,6451,0.28,187,6.04,N/A,260.928,N/A,N/A,73.928,71.66727986,
,3,18.4,25.8,35.2,6286,0.38,249,7.61,N/A,328.752,N/A,N/A,79.752,75.74098409,
,3.6,18.6,26.9,38.5,6124,0.5,327,9.62,N/A,415.584,N/A,N/A,88.584,78.68445368,
,4.2,18.4,27.7,42.4,5886,0.65,400,11.82,N/A,510.624,N/A,N/A,110.624,78.33552673,
,4.8,18.4,28.6,48.1,5729,0.82,486,14.52,N/A,627.264,N/A,N/A,141.264,77.47933884,
,5,18.2,29.5,54.2,5510,0.88,522,15.67,N/A,676.944,N/A,N/A,154.944,77.11125292,
,5.2,18.3,30.2,60.4,5430,0.95,539,16.51,N/A,713.232,N/A,N/A,174.232,75.57148305,
,5.4,18.3,31.1,67.6,6349,1.01,566,17.49,N/A,755.568,N/A,N/A,189.568,74.91053089,
35,0,16.7,28.4,34.2,6660,0.1,67,4.41,N/A,190.512,N/A,N/A,123.512,35.16838834,
,0.6,16.8,30.8,37.2,6637,0.11,77,4.56,N/A,196.992,N/A,N/A,119.992,39.08788174,
,1.2,16.8,31.8,39.2,6622,0.14,98,5.02,N/A,216.864,N/A,N/A,118.864,45.18961192,
,1.8,17,32.9,40.8,6516,0.2,135,5.88,N/A,254.016,N/A,N/A,119.016,53.1462585,
,2.4,17,33.1,43.3,6407,0.28,186,7.1,N/A,306.72,N/A,N/A,120.72,60.64162754,
,3,17.2,34.8,44.9,6224,0.38,252,8.71,N/A,376.272,N/A,N/A,124.272,66.97282817,
,3.6,17.4,36.1,47.1,6045,0.51,320,10.61,N/A,458.352,N/A,N/A,138.352,69.81533843,
,4.2,17.6,37.1,50.7,5791,0.66,401,12.94,N/A,559.008,N/A,N/A,158.008,71.73421489,
,4.8,17.9,39.1,55.4,5620,0.83,482,15.44,N/A,667.008,N/A,N/A,185.008,72.26300134,
,5,18.3,39.9,66.1,5484,0.89,510,16.27,N/A,702.864,N/A,N/A,192.864,72.5602677,
,5.2,18.3,41.3,71.5,5324,0.95,531,17.29,N/A,746.928,N/A,N/A,215.928,71.09118951,
,5.4,18.2,42.5,76.5,5283,1,553,18.02,N/A,778.464,N/A,N/A,225.464,71.03732478,
36,0,17.4,24.9,25.3,6625,0.09,65,4.46,N/A,192.672,N/A,N/A,127.672,33.73609035,
,0.6,17.4,29.1,29.9,6584,0.11,73,4.52,N/A,195.264,N/A,N/A,122.264,37.38528351,
,1.2,17.7,31.3,33.1,6584,0.14,96,4.7,N/A,203.04,N/A,N/A,107.04,47.28132388,
,1.8,17.8,33.1,35.1,6493,0.19,131,5.52,N/A,238.464,N/A,N/A,107.464,54.9349168,
,2.4,17.9,34.4,36.9,6487,0.27,184,6.29,N/A,271.728,N/A,N/A,87.728,67.7147736,
,3,18.1,35.5,39.6,6305,0.36,243,7.39,N/A,319.248,N/A,N/A,76.248,76.11637348,
,3.6,18.3,36.4,40.9,6211,0.47,311,9.53,N/A,411.696,N/A,N/A,100.696,75.54117601,
,4.2,18.3,37.1,43.2,5957,0.63,390,11.4,N/A,492.48,N/A,N/A,102.48,79.19103314,
,4.8,18.3,37.3,45.3,5718,0.79,469,14.27,N/A,616.464,N/A,N/A,147.464,76.07905733,
,5,18.7,37.7,49.1,5553,0.87,501,15.56,N/A,672.192,N/A,N/A,171.192,74.53227649,
,5.2,18.7,38.8,53.5,5454,0.93,526,16.42,N/A,709.344,N/A,N/A,183.344,74.15302026,
,5.4,18.7,40.5,58.6,5341,0.98,550,17.32,N/A,748.224,N/A,N/A,198.224,73.50739885,
37,0,16.8,21.7,29.3,6672,0.09,63,4.07,N/A,175.824,N/A,N/A,112.824,35.83128583,
,0.6,17,24.4,34.1,6708,0.11,74,4.35,N/A,187.92,N/A,N/A,113.92,39.37845892,
,1.2,17,26.2,36.5,6628,0.14,98,4.74,N/A,204.768,N/A,N/A,106.768,47.85904048,
,1.8,17,28.1,39.6,6553,0.2,134,5.56,N/A,240.192,N/A,N/A,106.192,55.78870237,
,2.4,17,29.5,41.7,6380,0.27,184,6.66,N/A,287.712,N/A,N/A,103.712,63.95284173,
,3,17,31.2,44.6,6291,0.38,250,8.09,N/A,349.488,N/A,N/A,99.488,71.5332143,
,3.6,17,32.8,48.1,6038,0.5,317,9.94,N/A,429.408,N/A,N/A,112.408,73.82256502,
,4.2,17,34.3,53.8,5870,0.64,398,12.1,N/A,522.72,N/A,N/A,124.72,76.14018978,
,4.8,17,35.3,59.5,5641,0.82,482,14.74,N/A,636.768,N/A,N/A,154.768,75.69475853,
,5,17,36.2,66.8,5557,0.86,500,15.52,N/A,670.464,N/A,N/A,170.464,74.57521955,
,5.2,17,37,73.5,5470,0.94,527,16.59,N/A,716.688,N/A,N/A,189.688,73.53269484,
,5.4,17,38.1,80.9,5317,1,565,17.6,N/A,760.32,N/A,N/A,195.32,74.3108165,
38,0,17,23,27.1,6735,0.09,67,3.25,N/A,140.4,N/A,N/A,73.4,47.72079772,
,0.6,17.3,24.6,29.3,6693,0.11,77,3.46,N/A,149.472,N/A,N/A,72.472,51.51466495,
,1.2,17.2,25.5,30.5,6702,0.14,100,3.99,N/A,172.368,N/A,N/A,72.368,58.01540889,
,1.8,17.1,26.4,32,6621,0.19,134,4.8,N/A,207.36,N/A,N/A,73.36,64.62191358,
,2.4,17.1,27.3,33.6,6437,0.26,175,5.94,N/A,256.608,N/A,N/A,81.608,68.19740616,
,3,18,28,37.5,6216,0.36,237,7.55,N/A,326.16,N/A,N/A,89.16,72.66372333,
,3.6,18,28.2,45.4,6072,0.49,311,9.54,N/A,412.128,N/A,N/A,101.128,75.46199239,
,4.2,17,29.5,51.2,5889,0.64,394,11.87,N/A,512.784,N/A,N/A,118.784,76.83547069,
,4.8,17,30.3,55.6,5584,0.82,483,14.67,N/A,633.744,N/A,N/A,150.744,76.2137393,
,5,17,31,63.8,5561,0.88,511,15.65,N/A,676.08,N/A,N/A,165.08,75.58277127,
,5.2,17,32.1,71.9,5474,0.95,535,16.5,N/A,712.8,N/A,N/A,177.8,75.05611672,
,5.4,17,33,80.4,5385,1,563,17.56,N/A,758.592,N/A,N/A,195.592,74.21644309,
39,0,16.3,22.3,28.1,6772,0.09,61,4.16,N/A,179.712,N/A,N/A,118.712,33.94319801,
,0.6,16.3,24.8,31.9,6708,0.1,71,4.3,N/A,185.76,N/A,N/A,114.76,38.2213609,
,1.2,16.2,27.3,35.2,6643,0.14,95,4.76,N/A,205.632,N/A,N/A,110.632,46.19903517,
,1.8,16.2,28.7,37.2,6555,0.19,136,5.69,N/A,245.808,N/A,N/A,109.808,55.32773547,
,2.4,16.2,29.7,39,6473,0.27,182,6.86,N/A,296.352,N/A,N/A,114.352,61.41345427,
,3,16.2,31.1,41.6,6299,0.37,245,8.43,N/A,364.176,N/A,N/A,119.176,67.27516366,
,3.6,16.3,32.2,44.4,6129,0.49,315,10.16,N/A,438.912,N/A,N/A,123.912,71.7683727,
,4.2,16.4,31.1,56.6,5866,0.64,390,12.48,N/A,539.136,N/A,N/A,149.136,72.33796296,
,4.8,16.4,34.7,63.4,5701,0.81,488,15.43,N/A,666.576,N/A,N/A,178.576,73.20995655,
,5,17,36.1,76.7,5543,0.88,515,16.32,N/A,705.024,N/A,N/A,190.024,73.04715868,
,5.2,17,39.6,78.3,5385,0.95,540,17.29,N/A,746.928,N/A,N/A,206.928,72.29612493,
,5.4,,,,,,,,,,,,,,
40,0,16.9,25,32.1,6717,0.1,72,3.3,N/A,142.56,N/A,N/A,70.56,50.50505051,
,0.6,16.9,25.9,33.8,6693,0.12,81,3.53,N/A,152.496,N/A,N/A,71.496,53.11614731,
,1.2,17.2,26.7,35,6681,0.15,101,4,N/A,172.8,N/A,N/A,71.8,58.44907407,
,1.8,17.1,27.5,36.8,6570,0.21,143,5.01,N/A,216.432,N/A,N/A,73.432,66.07156058,
,2.4,17.2,24.7,38.7,6380,0.29,193,6.31,N/A,272.592,N/A,N/A,79.592,70.80178435,
,3,17.3,30.4,42.6,6270,0.4,260,8.02,N/A,346.464,N/A,N/A,86.464,75.0438718,
,3.6,17.6,31.8,46.1,6087,0.52,329,9.89,N/A,427.248,N/A,N/A,98.248,77.00445643,
,4.2,16.8,32.8,51.2,5907,0.66,414,12.15,N/A,524.88,N/A,N/A,110.88,78.87517147,
,4.8,16.3,33.6,59,5666,0.84,498,15.06,N/A,650.592,N/A,N/A,152.592,76.54566918,
,5,16.8,34.5,69.8,5569,0.9,527,16.1,N/A,695.52,N/A,N/A,168.52,75.77064642,
,5.2,16.5,35.4,81.2,5470,0.95,545,16.78,N/A,724.896,N/A,N/A,179.896,75.18319869,
,5.4,16.6,36.5,90.6,5311,1.02,572,17.84,N/A,770.688,N/A,N/A,198.688,74.21939877,
41,0,17.2,22.8,27.4,6793,0.09,61,3.37,N/A,145.584,N/A,N/A,84.584,41.90020881,
,0.6,16.7,23.9,29.3,6815,0.1,71,3.63,N/A,156.816,N/A,N/A,85.816,45.27599225,
,1.2,17.6,25.9,32.1,6732,0.14,96,4.23,N/A,182.736,N/A,N/A,86.736,52.53480431,
,1.8,17.1,27.2,33.8,6550,0.19,135,5.23,N/A,225.936,N/A,N/A,90.936,59.75143403,
,2.4,17,28.2,35.4,6462,0.27,183,6.34,N/A,273.888,N/A,N/A,90.888,66.81563267,
,3,17,29,37.3,6203,0.37,246,8.06,N/A,348.192,N/A,N/A,102.192,70.65067549,
,3.6,17,29.9,39.6,6038,0.5,314,9.92,N/A,428.544,N/A,N/A,114.544,73.27135603,
,4.2,17,30.7,43.2,5880,0.64,392,12.23,N/A,528.336,N/A,N/A,136.336,74.19520911,
,4.8,17,31.7,48.3,5651,0.81,479,14.83,N/A,640.656,N/A,N/A,161.656,74.76711371,
,5,17,32.7,55.4,5567,0.88,505,15.95,N/A,689.04,N/A,N/A,184.04,73.29037501,
,5.2,17,33.8,62.6,5484,0.95,543,17.01,N/A,734.832,N/A,N/A,191.832,73.89444118,
,5.4,,,,,,,,,,,,,,
42,0,16.8,22.9,31.8,6729,0.08,59,3.15,N/A,136.08,N/A,N/A,77.08,43.35684891,
,0.6,16.9,23.8,32.6,6738,0.1,71,3.39,N/A,146.448,N/A,N/A,75.448,48.48137223,
,1.2,17,24.3,33.3,6651,0.13,92,4.06,N/A,175.392,N/A,N/A,83.392,52.45393176,
,1.8,17,25.2,34.2,6564,0.19,129,4.89,N/A,211.248,N/A,N/A,82.248,61.06566689,
,2.4,17.1,25.8,34.9,6391,0.27,178,6.06,N/A,261.792,N/A,N/A,83.792,67.9929104,
,3,17,26.4,35.4,6218,0.37,238,7.71,N/A,333.072,N/A,N/A,95.072,71.45602152,
,3.6,17,26.7,36.4,6058,0.48,304,9.45,N/A,408.24,N/A,N/A,104.24,74.46600039,
,4.2,17,27.5,37.4,5825,0.64,389,11.79,N/A,509.328,N/A,N/A,120.328,76.37514529,
,4.8,17,28.1,39.1,5607,0.82,480,14.79,N/A,638.928,N/A,N/A,158.928,75.12583577,
,5,17,28.9,41.4,5530,0.89,506,15.85,N/A,684.72,N/A,N/A,178.72,73.89881996,
,5.2,17,29.6,44.2,5389,0.94,538,16.69,N/A,721.008,N/A,N/A,183.008,74.61775736,
,5.4,17,30.4,47.2,5311,1.01,556,17.43,N/A,752.976,N/A,N/A,196.976,73.84033488,
43,0,24,34.3,42.3,6772,0.1,70,4.22,N/A,182.304,N/A,N/A,112.304,38.39740214,
,0.6,24,35,44.4,6772,0.11,77,4.52,N/A,195.264,N/A,N/A,118.264,39.4337922,
,1.2,23.8,35.5,46.4,6700,0.14,98,4.75,N/A,205.2,N/A,N/A,107.2,47.7582846,
,1.8,23.9,36.3,48.7,6670,0.19,133,5.6,N/A,241.92,N/A,N/A,108.92,54.97685185,
,2.4,24,37.4,52.4,6470,0.27,186,6.75,N/A,291.6,N/A,N/A,105.6,63.78600823,
,3,23.9,37.8,54,6300,0.37,244,8.24,N/A,355.968,N/A,N/A,111.968,68.54548723,
,3.6,23.8,38.4,56.8,6095,0.5,318,10.22,N/A,441.504,N/A,N/A,123.504,72.02652751,
,4.2,23.9,38.9,61.4,5880,0.64,392,12.39,N/A,535.248,N/A,N/A,143.248,73.23707889,
,4.8,24.1,39.7,68.4,5533,0.82,484,15.12,N/A,653.184,N/A,N/A,169.184,74.09856947,
,5,24.1,40.4,78.9,5502,0.89,514,16.1,N/A,695.52,N/A,N/A,181.52,73.90154129,
,5.2,23.9,41.4,90.2,5385,0.93,527,16.7,N/A,721.44,N/A,N/A,194.44,73.04834775,
,5.4,,,,,,,,,,,,,,
44,0,25,38.9,42.7,6730,0.1,68,4.4,N/A,190.08,N/A,N/A,122.08,35.77441077,
,0.6,24.7,38.9,45.1,6699,0.11,75,4.54,N/A,196.128,N/A,N/A,121.128,38.24033284,
,1.2,24.4,39.4,47.4,6645,0.13,94,4.82,N/A,208.224,N/A,N/A,114.224,45.14369141,
,1.8,24.6,40.1,49.4,6550,0.18,126,5.65,N/A,244.08,N/A,N/A,118.08,51.62241888,
,2.4,24.6,41,51.4,6454,0.25,170,6.66,N/A,287.712,N/A,N/A,117.712,59.08686464,
,3,24.6,41.8,53.7,6335,0.35,233,8.22,N/A,355.104,N/A,N/A,122.104,65.61458052,
,3.6,24.6,42.7,56.6,6092,0.49,305,10.21,N/A,441.072,N/A,N/A,136.072,69.14970798,
,4.2,24.6,43.6,60.2,5900,0.63,390,12.4,N/A,535.68,N/A,N/A,145.68,72.8046595,
,4.8,24.6,44.5,66.7,5611,0.81,477,15.2,N/A,656.64,N/A,N/A,179.64,72.64254386,
,5,24.6,45.3,73.4,5450,0.88,506,16.1,N/A,695.52,N/A,N/A,189.52,72.75132275,
,5.2,24.6,46.4,82.4,5366,0.94,535,17.3,N/A,747.36,N/A,N/A,212.36,71.58531364,
,5.4,,,,,,,,,,,,,,
45,0,21.9,18.6,39.8,6780,0.11,74,4.45,N/A,192.24,N/A,N/A,118.24,38.49354973,
,0.6,21.8,36.6,42.2,6747,0.11,77,4.1,N/A,177.12,N/A,N/A,100.12,43.4733514,
,1.2,21.8,37.7,43.8,6721,0.13,94,4.43,N/A,191.376,N/A,N/A,97.376,49.11796673,
,1.8,21.8,38.6,45.4,6610,0.18,132,5.16,N/A,222.912,N/A,N/A,90.912,59.21619294,
,2.4,21.8,39.3,46.8,6593,0.27,182,6.65,N/A,287.28,N/A,N/A,105.28,63.35282651,
,3,21.8,39.8,48.9,6307,0.37,241,7.7,N/A,332.64,N/A,N/A,91.64,72.45069745,
,3.6,21.8,40.3,52.5,6127,0.5,316,9.95,N/A,429.84,N/A,N/A,113.84,73.51572678,
,4.2,21.8,41.1,56.4,5841,0.65,401,12.2,N/A,527.04,N/A,N/A,126.04,76.08530662,
,4.8,21.8,70.7,76.9,5430,0.85,491,15.12,N/A,653.184,N/A,N/A,162.184,75.17024299,
,5,21.8,43.2,88.3,5321,0.92,513,16.3,N/A,704.16,N/A,N/A,191.16,72.85276074,
,5.2,,,,,,,,,,,,,,
,5.4,,,,,,,,,,,,,,
46,0,22.4,42.1,43.2,6787,0.08,58,4.26,N/A,184.032,N/A,N/A,126.032,31.51625804,
,0.6,22.4,43.3,47.6,6687,0.1,68,4.39,N/A,189.648,N/A,N/A,121.648,35.85590146,
,1.2,22.4,44.4,49.2,6690,0.13,89,4.83,N/A,208.656,N/A,N/A,119.656,42.65393758,
,1.8,22.4,45.3,50.6,6499,0.18,127,5.66,N/A,244.512,N/A,N/A,117.512,51.94019107,
,2.4,22.4,46.1,52,6402,0.26,176,6.85,N/A,295.92,N/A,N/A,119.92,59.47553393,
,3,22.4,46.8,53.9,6226,0.38,246,8.76,N/A,378.432,N/A,N/A,132.432,65.00507357,
,3.6,22.4,47.6,57.1,5971,0.5,320,10.65,N/A,460.08,N/A,N/A,140.08,69.5531212,
,4.2,22.4,48.1,60.6,5733,0.66,393,12.85,N/A,555.12,N/A,N/A,162.12,70.79550367,
,4.8,22.4,48.4,65.5,5444,0.84,477,15.43,N/A,666.576,N/A,N/A,189.576,71.55973212,
,5,22.4,49.1,74.1,5360,0.91,503,16.38,N/A,707.616,N/A,N/A,204.616,71.08375164,
,5.2,22.4,50,81.7,5276,0.96,532,17.3,N/A,747.36,N/A,N/A,215.36,71.18390066,
,5.4,,,,,,,,,,,,,,
47,0,22.9,36.7,41.6,6669,0.09,63,4.2,N/A,181.44,N/A,N/A,118.44,34.72222222,
,0.6,22.9,36.9,42.7,6587,0.1,71,4.3,N/A,185.76,N/A,N/A,114.76,38.2213609,
,1.2,22.9,37.2,44.6,6610,0.13,91,4.55,N/A,196.56,N/A,N/A,105.56,46.2962963,
,1.8,22.9,38.2,46.8,6622,0.19,129,5.35,N/A,231.12,N/A,N/A,102.12,55.81516096,
,2.4,22.9,39.2,50.1,6443,0.26,177,6.51,N/A,281.232,N/A,N/A,104.232,62.93736132,
,3,22.7,41.2,56.3,6263,0.36,236,8.13,N/A,351.216,N/A,N/A,115.216,67.1951164,
,3.6,22.7,41.5,58.7,6085,0.49,309,10,N/A,432,N/A,N/A,123,71.52777778,
,4.2,22.7,42.8,63.7,5700,0.65,383,12.2,N/A,527.04,N/A,N/A,144.04,72.67000607,
,4.8,22.7,43.9,72.7,5462,0.82,462,14.85,N/A,641.52,N/A,N/A,179.52,72.01646091,
,5,22.7,44.7,82.5,5317,0.89,494,15.92,N/A,687.744,N/A,N/A,193.744,71.82905267,
,5.2,22.7,45.5,92,5300,0.95,520,16.9,N/A,730.08,N/A,N/A,210.08,71.22507123,
,5.4,,,,,,,,,,,,,,
48,0,23.2,38.2,40.8,6666,0.09,66,4.1,N/A,177.12,N/A,N/A,111.12,37.26287263,
,0.6,22.8,39.6,42.1,6678,0.1,72,4.2,N/A,181.44,N/A,N/A,109.44,39.68253968,
,1.2,22.9,40.2,43.1,6681,0.13,89,4.51,N/A,194.832,N/A,N/A,105.832,45.68038105,
,1.8,22.9,40.8,44.2,6590,0.18,120,5.25,N/A,226.8,N/A,N/A,106.8,52.91005291,
,2.4,22.9,41.6,45.6,6496,0.25,169,6.41,N/A,276.912,N/A,N/A,107.912,61.03021899,
,3,22.7,42.3,48.2,6300,0.35,226,7.85,N/A,339.12,N/A,N/A,113.12,66.6430762,
,3.6,22.7,431,51.1,6130,0.47,304,9.78,N/A,422.496,N/A,N/A,118.496,71.95334394,
,4.2,22.7,44,56.2,5800,0.63,385,11.85,N/A,511.92,N/A,N/A,126.92,75.2070636,
,4.8,22.9,44.7,64.6,5446,0.82,467,14.7,N/A,635.04,N/A,N/A,168.04,73.53867473,
,5,22.9,45.3,74.4,5368,0.88,495,15.62,N/A,674.784,N/A,N/A,179.784,73.35680751,
,5.2,22.4,45.8,83.2,5287,0.95,521,16.8,N/A,725.76,N/A,N/A,204.76,71.78681658,
,5.4,,,,,,,,,,,,,,
49,0,22,26.4,31.4,6555,0.09,64,4.3,N/A,185.76,N/A,N/A,121.76,34.45305771,
,0.6,22,27.3,33.6,6550,0.1,71,4.3,N/A,185.76,N/A,N/A,114.76,38.2213609,
,1.2,22,29.9,37.7,6544,0.13,90,4.8,N/A,207.36,N/A,N/A,117.36,43.40277778,
,1.8,22,32.1,39.3,6450,0.18,125,5.65,N/A,244.08,N/A,N/A,119.08,51.21271714,
,2.4,22,32.3,41.5,6350,0.27,177,6.66,N/A,287.712,N/A,N/A,110.712,61.51985319,
,3,22.1,33.4,43.9,6170,0.37,236,8.25,N/A,356.4,N/A,N/A,120.4,66.21773288,
,3.6,22.1,34.7,46.7,6000,0.49,310,10.2,N/A,440.64,N/A,N/A,130.64,70.35221496,
,4.2,22.1,36.6,52,5650,0.66,390,12.4,N/A,535.68,N/A,N/A,145.68,72.8046595,
,4.8,21.9,37.7,59.2,5390,0.84,470,15.13,N/A,653.616,N/A,N/A,183.616,71.90766444,
,5,21.9,38.7,58.9,5302,0.9,502,16.2,N/A,699.84,N/A,N/A,197.84,71.7306813,
,5.2,21.9,39.9,76,5277,0.97,528,17.2,N/A,743.04,N/A,N/A,215.04,71.05943152,
,5.4,,,,,,,,,,,,,,
50,0,23.3,43.9,50.4,6717,0.09,65,4.4,N/A,190.08,N/A,N/A,125.08,34.19612795,
,0.6,23.3,43.2,51.2,6700,0.1,68,4.5,N/A,194.4,N/A,N/A,126.4,34.97942387,
,1.2,23.2,43,52.8,6625,0.12,85,4.7,N/A,203.04,N/A,N/A,118.04,41.86367218,
,1.8,23.2,43.7,54.1,6600,0.17,115,5.35,N/A,231.12,N/A,N/A,116.12,49.75770163,
,2.4,23.2,44.1,55.9,6445,0.25,170,6.5,N/A,280.8,N/A,N/A,110.8,60.54131054,
,3,23.1,44.1,58.1,6270,0.35,225,8,N/A,345.6,N/A,N/A,120.6,65.10416667,
,3.6,23.1,44.7,61.2,6000,0.47,296,9.75,N/A,421.2,N/A,N/A,125.2,70.27540361,
,4.2,23,45.1,64.7,5780,0.62,377,11.8,N/A,509.76,N/A,N/A,132.76,73.95637163,
,4.8,23.1,46.2,71,5424,0.81,465,14.8,N/A,639.36,N/A,N/A,174.36,72.72897898,
,5,23.1,46.6,78.9,5346,0.59,500,16.02,N/A,692.064,N/A,N/A,192.064,72.2476534,
,5.2,23.1,47.3,90.9,5270,0.96,524,17.09,N/A,738.288,N/A,N/A,214.288,70.97501246,
,5.4,,,,,,,,,,,,,,
51,0,23.2,35.2,40.4,6669,0.09,66,3.98,N/A,171.936,N/A,N/A,105.936,38.38637633,
,0.6,23.1,34.9,41.6,6778,0.1,74,3.86,N/A,166.752,N/A,N/A,92.752,44.37727883,
,1.2,23.1,34.6,42.8,6681,0.13,91,4.2,N/A,181.44,N/A,N/A,90.44,50.15432099,
,1.8,23.1,35.1,44.1,6685,0.18,124,4.96,N/A,214.272,N/A,N/A,90.272,57.87037037,
,2.4,23.1,35.6,45.9,6493,0.25,171,6.03,N/A,260.496,N/A,N/A,89.496,65.64400221,
,3,23.1,36.4,47.9,6310,0.35,229,7.57,N/A,327.024,N/A,N/A,98.024,70.02544156,
,3.6,23.2,36.9,50.3,6134,0.47,302,9.28,N/A,400.896,N/A,N/A,98.896,75.33125798,
,4.2,23.1,36.8,54.2,5810,0.64,390,11.87,N/A,512.784,N/A,N/A,122.784,76.05541515,
,4.8,23.1,37.9,71.2,5452,0.84,475,14.7,14.7,635.04,N/A,N/A,160.04,74.79843789,
,5,23.1,39.3,77.8,5359,0.88,495,15.49,N/A,669.168,N/A,N/A,174.168,73.97245535,
,5.2,23.1,39.3,84.5,5339,0.95,520,16.56,N/A,715.392,N/A,N/A,195.392,72.68742172,
,5.4,,,,,,,,,,,,,,
52,0,23.6,30.7,33.1,6756,0.09,65,3.55,N/A,153.36,N/A,N/A,88.36,42.38393323,
,0.6,23.4,31.1,33.8,6778,0.1,72,3.65,N/A,157.68,N/A,N/A,85.68,45.66210046,
,1.2,23.4,31.7,35.4,6705,0.13,91,4.11,N/A,177.552,N/A,N/A,86.552,51.25259079,
,1.8,23.4,32.2,36.5,6622,0.18,123,4.88,N/A,210.816,N/A,N/A,87.816,58.34471767,
,2.4,23.4,32.8,37.8,6443,0.26,173,6.01,N/A,259.632,N/A,N/A,86.632,66.63277254,
,3,23.6,34.1,41.6,6273,0.36,237,7.64,N/A,330.048,N/A,N/A,93.048,71.80773706,
,3.6,23.4,35,45.2,6105,0.48,307,9.55,N/A,412.56,N/A,N/A,105.56,74.41341865,
,4.2,23.3,36.1,50.7,5709,0.63,380,11.81,N/A,510.192,N/A,N/A,130.192,74.48176373,
,4.8,23.3,37.8,55.7,5597,0.73,433,13.38,N/A,578.016,N/A,N/A,145.016,74.91142114,
,5,23.6,34.2,53,5466,0.82,471,14.68,N/A,634.176,N/A,N/A,163.176,74.26960339,
,5.2,23.5,35.1,64.6,5393,0.89,497,15.96,N/A,689.472,N/A,N/A,192.472,72.08414555,
,5.4,,,,,,,,,,,,,,
53,,,,,,,,,,,,,,,
,,,,,,,,,,,,,,,
,,,,,,,,,,,,,,,
,,,,,,,,,,,,,,,
,,,,,,,,,,,,,,,
,,,,,,,,,,,,,,,
,,,,,,,,,,,,,,,
,,,,,,,,,,,,,,,
,,,,,,,,,,,,,,,
,,,,,,,,,,,,,,,
,,,,,,,,,,,,,,,
,,,,,,,,,,,,,,,
54,,,,,,,,,,,,,,,
,,,,,,,,,,,,,,,
,,,,,,,,,,,,,,,
,,,,,,,,,,,,,,,
,,,,,,,,,,,,,,,
,,,,,,,,,,,,,,,
,,,,,,,,,,,,,,,
,,,,,,,,,,,,,,,
,,,,,,,,,,,,,,,
,,,,,,,,,,,,,,,
,,,,,,,,,,,,,,,
,,,,,,,,,,,,,,,
55,,,,,,,,,,,,,,,
,,,,,,,,,,,,,,,
,,,,,,,,,,,,,,,
,,,,,,,,,,,,,,,
,,,,,,,,,,,,,,,
,,,,,,,,,,,,,,,
,,,,,,,,,,,,,,,
,,,,,,,,,,,,,,,
,,,,,,,,,,,,,,,
,,,,,,,,,,,,,,,
,,,,,,,,,,,,,,,
,,,,,,,,,,,,,,,
56,,,,,,,,,,,,,,,
,,,,,,,,,,,,,,,
,,,,,,,,,,,,,,,
,,,,,,,,,,,,,,,
,,,,,,,,,,,,,,,
,,,,,,,,,,,,,,,
,,,,,,,,,,,,,,,
,,,,,,,,,,,,,,,
,,,,,,,,,,,,,,,
,,,,,,,,,,,,,,,
,,,,,,,,,,,,,,,
,,,,,,,,,,,,,,,
57,,,,,,,,,,,,,,,
,,,,,,,,,,,,,,,
,,,,,,,,,,,,,,,
,,,,,,,,,,,,,,,
,,,,,,,,,,,,,,,
,,,,,,,,,,,,,,,
,,,,,,,,,,,,,,,
,,,,,,,,,,,,,,,
,,,,,,,,,,,,,,,
,,,,,,,,,,,,,,,
,,,,,,,,,,,,,,,
,,,,,,,,,,,,,,,
58,,,,,,,,,,,,,,,
,,,,,,,,,,,,,,,
,,,,,,,,,,,,,,,
,,,,,,,,,,,,,,,
,,,,,,,,,,,,,,,
,,,,,,,,,,,,,,,
,,,,,,,,,,,,,,,
,,,,,,,,,,,,,,,
,,,,,,,,,,,,,,,
,,,,,,,,,,,,,,,
,,,,,,,,,,,,,,,
,,,,,,,,,,,,,,,
59,,,,,,,,,,,,,,,
,,,,,,,,,,,,,,,
,,,,,,,,,,,,,,,
,,,,,,,,,,,,,,,
,,,,,,,,,,,,,,,
,,,,,,,,,,,,,,,
,,,,,,,,,,,,,,,
,,,,,,,,,,,,,,,
,,,,,,,,,,,,,,,
,,,,,,,,,,,,,,,
,,,,,,,,,,,,,,,
,,,,,,,,,,,,,,,
60,,,,,,,,,,,,,,,
,,,,,,,,,,,,,,,
,,,,,,,,,,,,,,,
,,,,,,,,,,,,,,,
,,,,,,,,,,,,,,,
,,,,,,,,,,,,,,,
,,,,,,,,,,,,,,,
,,,,,,,,,,,,,,,
,,,,,,,,,,,,,,,
,,,,,,,,,,,,,,,
,,,,,,,,,,,,,,,
,,,,,,,,,,,,,,,
61,,,,,,,,,,,,,,,
,,,,,,,,,,,,,,,
,,,,,,,,,,,,,,,
,,,,,,,,,,,,,,,
,,,,,,,,,,,,,,,
,,,,,,,,,,,,,,,
,,,,,,,,,,,,,,,
,,,,,,,,,,,,,,,
,,,,,,,,,,,,,,,
,,,,,,,,,,,,,,,
,,,,,,,,,,,,,,,
,,,,,,,,,,,,,,,
62,,,,,,,,,,,,,,,
,,,,,,,,,,,,,,,
,,,,,,,,,,,,,,,
,,,,,,,,,,,,,,,
,,,,,,,,,,,,,,,
,,,,,,,,,,,,,,,
,,,,,,,,,,,,,,,
,,,,,,,,,,,,,,,
,,,,,,,,,,,,,,,
,,,,,,,,,,,,,,,
,,,,,,,,,,,,,,,
,,,,,,,,,,,,,,,
63,,,,,,,,,,,,,,,
,,,,,,,,,,,,,,,
,,,,,,,,,,,,,,,
,,,,,,,,,,,,,,,
,,,,,,,,,,,,,,,
,,,,,,,,,,,,,,,
,,,,,,,,,,,,,,,
,,,,,,,,,,,,,,,
,,,,,,,,,,,,,,,
,,,,,,,,,,,,,,,
,,,,,,,,,,,,,,,
,,,,,,,,,,,,,,,
64,,,,,,,,,,,,,,,
,,,,,,,,,,,,,,,
,,,,,,,,,,,,,,,
,,,,,,,,,,,,,,,
,,,,,,,,,,,,,,,
,,,,,,,,,,,,,,,
,,,,,,,,,,,,,,,
,,,,,,,,,,,,,,,
,,,,,,,,,,,,,,,
,,,,,,,,,,,,,,,
,,,,,,,,,,,,,,,
,,,,,,,,,,,,,,,
65,,,,,,,,,,,,,,,
,,,,,,,,,,,,,,,
,,,,,,,,,,,,,,,
,,,,,,,,,,,,,,,
,,,,,,,,,,,,,,,
,,,,,,,,,,,,,,,
,,,,,,,,,,,,,,,
,,,,,,,,,,,,,,,
,,,,,,,,,,,,,,,
,,,,,,,,,,,,,,,
,,,,,,,,,,,,,,,
,,,,,,,,,,,,,,,
66,,,,,,,,,,,,,,,
,,,,,,,,,,,,,,,
,,,,,,,,,,,,,,,
,,,,,,,,,,,,,,,
,,,,,,,,,,,,,,,
,,,,,,,,,,,,,,,
,,,,,,,,,,,,,,,
,,,,,,,,,,,,,,,
,,,,,,,,,,,,,,,
,,,,,,,,,,,,,,,
,,,,,,,,,,,,,,,
,,,,,,,,,,,,,,,
67,,,,,,,,,,,,,,,
,,,,,,,,,,,,,,,
,,,,,,,,,,,,,,,
,,,,,,,,,,,,,,,
,,,,,,,,,,,,,,,
,,,,,,,,,,,,,,,
,,,,,,,,,,,,,,,
,,,,,,,,,,,,,,,
,,,,,,,,,,,,,,,
,,,,,,,,,,,,,,,
,,,,,,,,,,,,,,,
,,,,,,,,,,,,,,,
68,,,,,,,,,,,,,,,
,,,,,,,,,,,,,,,
,,,,,,,,,,,,,,,
,,,,,,,,,,,,,,,
,,,,,,,,,,,,,,,
,,,,,,,,,,,,,,,
,,,,,,,,,,,,,,,
,,,,,,,,,,,,,,,
,,,,,,,,,,,,,,,
,,,,,,,,,,,,,,,
,,,,,,,,,,,,,,,
,,,,,,,,,,,,,,,
69,,,,,,,,,,,,,,,
,,,,,,,,,,,,,,,
,,,,,,,,,,,,,,,
,,,,,,,,,,,,,,,
,,,,,,,,,,,,,,,
,,,,,,,,,,,,,,,
,,,,,,,,,,,,,,,
,,,,,,,,,,,,,,,
,,,,,,,,,,,,,,,
,,,,,,,,,,,,,,,
,,,,,,,,,,,,,,,
,,,,,,,,,,,,,,,
70,,,,,,,,,,,,,,,
,,,,,,,,,,,,,,,
,,,,,,,,,,,,,,,
,,,,,,,,,,,,,,,
,,,,,,,,,,,,,,,
,,,,,,,,,,,,,,,
,,,,,,,,,,,,,,,
,,,,,,,,,,,,,,,
,,,,,,,,,,,,,,,
,,,,,,,,,,,,,,,
,,,,,,,,,,,,,,,
,,,,,,,,,,,,,,,
71,,,,,,,,,,,,,,,
,,,,,,,,,,,,,,,
,,,,,,,,,,,,,,,
,,,,,,,,,,,,,,,
,,,,,,,,,,,,,,,
,,,,,,,,,,,,,,,
,,,,,,,,,,,,,,,
,,,,,,,,,,,,,,,
,,,,,,,,,,,,,,,
,,,,,,,,,,,,,,,
,,,,,,,,,,,,,,,
,,,,,,,,,,,,,,,
72,,,,,,,,,,,,,,,
,,,,,,,,,,,,,,,
,,,,,,,,,,,,,,,
,,,,,,,,,,,,,,,
,,,,,,,,,,,,,,,
,,,,,,,,,,,,,,,
,,,,,,,,,,,,,,,
,,,,,,,,,,,,,,,
,,,,,,,,,,,,,,,
,,,,,,,,,,,,,,,
,,,,,,,,,,,,,,,
,,,,,,,,,,,,,,,
73,,,,,,,,,,,,,,,
,,,,,,,,,,,,,,,
,,,,,,,,,,,,,,,
,,,,,,,,,,,,,,,
,,,,,,,,,,,,,,,
,,,,,,,,,,,,,,,
,,,,,,,,,,,,,,,
,,,,,,,,,,,,,,,
,,,,,,,,,,,,,,,
,,,,,,,,,,,,,,,
,,,,,,,,,,,,,,,
,,,,,,,,,,,,,,,
74,,,,,,,,,,,,,,,
,,,,,,,,,,,,,,,
,,,,,,,,,,,,,,,
,,,,,,,,,,,,,,,
,,,,,,,,,,,,,,,
,,,,,,,,,,,,,,,
,,,,,,,,,,,,,,,
,,,,,,,,,,,,,,,
,,,,,,,,,,,,,,,
,,,,,,,,,,,,,,,
,,,,,,,,,,,,,,,
,,,,,,,,,,,,,,,
75,,,,,,,,,,,,,,,
,,,,,,,,,,,,,,,
,,,,,,,,,,,,,,,
,,,,,,,,,,,,,,,
,,,,,,,,,,,,,,,
,,,,,,,,,,,,,,,
,,,,,,,,,,,,,,,
,,,,,,,,,,,,,,,
,,,,,,,,,,,,,,,
,,,,,,,,,,,,,,,
,,,,,,,,,,,,,,,
,,,,,,,,,,,,,,,
76,,,,,,,,,,,,,,,
,,,,,,,,,,,,,,,
,,,,,,,,,,,,,,,
,,,,,,,,,,,,,,,
,,,,,,,,,,,,,,,
,,,,,,,,,,,,,,,
,,,,,,,,,,,,,,,
,,,,,,,,,,,,,,,
,,,,,,,,,,,,,,,
,,,,,,,,,,,,,,,
,,,,,,,,,,,,,,,
,,,,,,,,,,,,,,,
77,,,,,,,,,,,,,,,
,,,,,,,,,,,,,,,
,,,,,,,,,,,,,,,
,,,,,,,,,,,,,,,
,,,,,,,,,,,,,,,
,,,,,,,,,,,,,,,
,,,,,,,,,,,,,,,
,,,,,,,,,,,,,,,
,,,,,,,,,,,,,,,
,,,,,,,,,,,,,,,
,,,,,,,,,,,,,,,
,,,,,,,,,,,,,,,
78,,,,,,,,,,,,,,,
,,,,,,,,,,,,,,,
,,,,,,,,,,,,,,,
,,,,,,,,,,,,,,,
,,,,,,,,,,,,,,,
,,,,,,,,,,,,,,,
,,,,,,,,,,,,,,,
,,,,,,,,,,,,,,,
,,,,,,,,,,,,,,,
,,,,,,,,,,,,,,,
,,,,,,,,,,,,,,,
,,,,,,,,,,,,,,,
79,,,,,,,,,,,,,,,
,,,,,,,,,,,,,,,
,,,,,,,,,,,,,,,
,,,,,,,,,,,,,,,
,,,,,,,,,,,,,,,
,,,,,,,,,,,,,,,
,,,,,,,,,,,,,,,
,,,,,,,,,,,,,,,
,,,,,,,,,,,,,,,
,,,,,,,,,,,,,,,
,,,,,,,,,,,,,,,
,,,,,,,,,,,,,,,
,,,,,,,,,,,,,,,
,,,,,,,,,,,,,,,
,,,,,,,,,,,,,,,
,,,,,,,,,,,,,,,
,,,,,,,,,,,,,,,
,,,,,,,,,,,,,,,
,,,,,,,,,,,,,,,
,,,,,,,,,,,,,,,
,,,,,,,,,,,,,,,
,,,,,,,,,,,,,,,
,,,,,,,,,,,,,,,
,,,,,,,,,,,,,,,
,,,,,,,,,,,,,,,
,,,,,,,,,,,,,,,
,,,,,,,,,,,,,,,
,,,,,,,,,,,,,,,
,,,,,,,,,,,,,,,
,,,,,,,,,,,,,,,
,,,,,,,,,,,,,,,
,,,,,,,,,,,,,,,
,,,,,,,,,,,,,,,
,,,,,,,,,,,,,,,
,,,,,,,,,,,,,,,
,,,,,,,,,,,,,,,
,,,,,,,,,,,,,,,
,,,,,,,,,,,,,,,
,,,,,,,,,,,,,,,
,,,,,,,,,,,,,,,
,,,,,,,,,,,,,,,
,,,,,,,,,,,,,,,
,,,,,,,,,,,,,,,
,,,,,,,,,,,,,,,
,,,,,,,,,,,,,,,
,,,,,,,,,,,,,,,
,,,,,,,,,,,,,,,
,,,,,,,,,,,,,,,
,,,,,,,,,,,,,,,
,,,,,,,,,,,,,,,
,,,,,,,,,,,,,,,
,,,,,,,,,,,,,,,
,,,,,,,,,,,,,,,
,,,,,,,,,,,,,,,
,,,,,,,,,,,,,,,
,,,,,,,,,,,,,,,
,,,,,,,,,,,,,,,
,,,,,,,,,,,,,,,
,,,,,,,,,,,,,,,
,,,,,,,,,,,,,,,
,,,,,,,,,,,,,,,
,,,,,,,,,,,,,,,
,,,,,,,,,,,,,,,
,,,,,,,,,,,,,,,
